book_title,author_username,content,rating
The Hobbit,reviewer1,An excellent start to an epic saga.,5
The Lord of the Rings,reviewer2,A timeless classic of fantasy literature.,5
The Silmarillion,reviewer3,Rich and complex, but not for everyone.,4
Harry Potter and the Sorcerer's Stone,reviewer4,An enchanting tale for all ages.,5
Harry Potter and the Chamber of Secrets,reviewer5,More magical adventures await!,5
Harry Potter and the Prisoner of Azkaban,reviewer6,A thrilling addition to the series.,5
Harry Potter and the Goblet of Fire,reviewer7,A fantastic journey full of surprises.,5
Harry Potter and the Order of the Phoenix,reviewer8,Dark and compelling.,4
Harry Potter and the Half-Blood Prince,reviewer9,An emotional roller coaster.,5
Harry Potter and the Deathly Hallows,reviewer10,A satisfying conclusion to the saga.,5
A Game of Thrones,reviewer11,Complex characters and intricate plots.,5
A Clash of Kings,reviewer12,Intense and gripping.,5
A Storm of Swords,reviewer13,One of the best books in the series.,5
A Feast for Crows,reviewer14,Slow but worth it.,4
A Dance with Dragons,reviewer15,Expands the world in fascinating ways.,5
Dune,reviewer16,A masterpiece of science fiction.,5
Dune Messiah,reviewer17,Interesting but not as engaging.,4
Children of Dune,reviewer18,Expands on the original in exciting ways.,4
God Emperor of Dune,reviewer19,Thought-provoking and unique.,4
Heretics of Dune,reviewer20,Continues the epic saga.,4
Neuromancer,reviewer21,Classic cyberpunk.,5
Snow Crash,reviewer22,Fast-paced and innovative.,4
The Diamond Age,reviewer23,Rich world-building.,4
The Left Hand of Darkness,reviewer24,Challenging and rewarding.,5
The Dispossessed,reviewer25,An exploration of utopian ideals.,4
Foundation,reviewer26,A pioneering work of science fiction.,5
Foundation and Empire,reviewer27,Continues the epic tale.,5
Second Foundation,reviewer28,Concludes the original trilogy well.,5
Foundation's Edge,reviewer29,Expands the universe.,4
Foundation and Earth,reviewer30,Completes the series.,4
Ender's Game,reviewer31,Engaging and thought-provoking.,5
Speaker for the Dead,reviewer32,Emotional and deep.,5
Xenocide,reviewer33,Continues the story well.,4
Children of the Mind,reviewer34,An interesting conclusion.,4
The Hunger Games,reviewer35,Gripping and fast-paced.,5
Catching Fire,reviewer36,Builds on the first book perfectly.,5
Mockingjay,reviewer37,A strong conclusion.,4
Divergent,reviewer38,Exciting and fresh.,4
Insurgent,reviewer39,Continues the thrilling story.,4
Allegiant,reviewer40,An emotional and complex end.,4
The Great Gatsby,reviewer41,A classic exploration of the American Dream.,5
To Kill a Mockingbird,reviewer42,Timeless and powerful.,5
1984,reviewer43,A chilling and profound dystopian novel.,5
Brave New World,reviewer44,An unsettling vision of the future.,5
Fahrenheit 451,reviewer45,Thought-provoking and disturbing.,5
The Catcher in the Rye,reviewer46,A poignant coming-of-age story.,5
Catch-22,reviewer47,Satirical and impactful.,5
Moby Dick,reviewer48,Complex and enduring.,4
Pride and Prejudice,reviewer49,A classic romance with sharp social commentary.,5
Jane Eyre,reviewer50,A compelling and resilient heroine.,5
